list,price,week on list,previous rank,ISBN,title,authors,Rank,weeks
Early & Middle,16.99,,,9781524720193,Wonder,R.J. Palacio,1,01-03-18
Early & Middle,8.99,,,9781250153272,A Wrinkle in Time,Madeleine L'Engle,2,01-03-18
Early & Middle,16.99,,,9781101934852,Auggie & Me,R.J. Palacio,3,01-03-18
Early & Middle,16.95,,,9781616205676,The Girl Who Drank the Moon,Kelly Barnhill,4,01-03-18
Early & Middle,12.99,,,9780525429999,All's Faire in Middle School,Victoria Jamieson,5,01-03-18
Early & Middle,10.99,,,9780545326995,Drama,Raina Telgemeier,6,01-03-18
Early & Middle,22.99,,,9781465455512,Star Wars the Last Jedi: The Visual Dictionary,Pablo Hidalgo,7,01-03-18
Early & Middle,10.99,,,9780545132060,Smile,Raina Telgemeier,8,01-03-18
Early & Middle,8.99,,,9780147510488,The War That Saved My Life,Kimberly Brubaker Bradley,9,01-03-18
Early & Middle,10.99,,,9780545540629,Ghosts,Raina Telgemeier,10,01-03-18
Early & Middle,16.99,,,9781250043221,Wishtree,Katherine Applegate,11,01-03-18
Early & Middle,9.99,,,9780399559181,365 Days of Wonder: Mr. Browne's Precepts,R.J. Palacio,12,01-03-18
Early & Middle,17.99,,,9780316508889,Nevermoor: The Trials of Morrigan Crow,Jessica Townsend,13,01-03-18
Early & Middle,10.99,,,9780545540605,Sisters,Raina Telgemeier,14,01-03-18
Early & Middle,21.99,,,9780316514392,Dream Big Dreams: Photographs from Barack Obama's Inspiring and Historic Presidency,Pete Souza,15,01-03-18
Early & Middle,8.99,,,9781250153272,A Wrinkle in Time,Madeleine L'Engle,1,01-10-18
Early & Middle,16.99,,,9781524720193,Wonder,R.J. Palacio,2,01-10-18
Early & Middle,16.99,,,9781101934852,Auggie & Me,R.J. Palacio,3,01-10-18
Early & Middle,16.95,,,9781616205676,The Girl Who Drank the Moon,Kelly Barnhill,4,01-10-18
Early & Middle,12.99,,,9780525429999,All's Faire in Middle School,Victoria Jamieson,5,01-10-18
Early & Middle,10.99,,,9780545326995,Drama,Raina Telgemeier,6,01-10-18
Early & Middle,8.99,,,9780147510488,The War That Saved My Life,Kimberly Brubaker Bradley,7,01-10-18
Early & Middle,10.99,,,9780545132060,Smile,Raina Telgemeier,8,01-10-18
Early & Middle,9.99,,,9780399559181,365 Days of Wonder: Mr. Browne's Precepts,R.J. Palacio,9,01-10-18
Early & Middle,10.99,,,9780545540605,Sisters,Raina Telgemeier,10,01-10-18
Early & Middle,21.99,,,9780316514392,Dream Big Dreams: Photographs from Barack Obama's Inspiring and Historic Presidency,Pete Souza,11,01-10-18
Early & Middle,16.99,,,9780525429203,The War I Finally Won,Kimberly Brubaker Bradley,12,01-10-18
Early & Middle,16.99,,,9781250043221,Wishtree,Katherine Applegate,13,01-10-18
Early & Middle,12.99,,,9781626727854,Real Friends,Shannon Hale & LeUyen Pham (Illus.),14,01-10-18
Early & Middle,12.99,,,9780803740167,Roller Girl,Victoria Jamieson,15,01-10-18
Early & Middle,8.99,,,9781250153272,A Wrinkle in Time,Madeleine L'Engle,1,01-17-18
Early & Middle,16.99,,,9781524720193,Wonder,R.J. Palacio,2,01-17-18
Early & Middle,16.99,,,9781101934852,Auggie & Me,R.J. Palacio,3,01-17-18
Early & Middle,12.99,,,9780525429999,All's Faire in Middle School,Victoria Jamieson,4,01-17-18
Early & Middle,16.95,,,9781616205676,The Girl Who Drank the Moon,Kelly Barnhill,5,01-17-18
Early & Middle,8.99,,,9780147510488,The War That Saved My Life,Kimberly Brubaker Bradley,6,01-17-18
Early & Middle,16.99,,,9781250043221,Wishtree,Katherine Applegate,7,01-17-18
Early & Middle,21.99,,,9780316514392,Dream Big Dreams: Photographs from Barack Obama's Inspiring and Historic Presidency,Pete Souza,8,01-17-18
Early & Middle,16.99,,,9780525429203,The War I Finally Won,Kimberly Brubaker Bradley,9,01-17-18
Early & Middle,12.99,,,9780803740167,Roller Girl,Victoria Jamieson,10,01-17-18
Early & Middle,16.99,,,9780062377012,Pax,Sara Pennypacker & Jon Klassen (Illus.),11,01-17-18
Early & Middle,10.99,,,9780545326995,Drama,Raina Telgemeier,12,01-17-18
Early & Middle,10.99,,,9780545540605,Sisters,Raina Telgemeier,13,01-17-18
Early & Middle,16.99,,,9780316475112,Little Leaders: Bold Women in Black History,Vashti Harrison,14,01-17-18
Early & Middle,10.99,,,9780545540629,Ghosts,Raina Telgemeier,15,01-17-18
Early & Middle,8.99,,,9781250153272,A Wrinkle in Time,Madeleine L'Engle,1,01-24-18
Early & Middle,16.99,,,9781524720193,Wonder,R.J. Palacio,2,01-24-18
Early & Middle,10.99,,,9780545326995,Drama,Raina Telgemeier,3,01-24-18
Early & Middle,16.99,,,9781101934852,Auggie & Me,R.J. Palacio,4,01-24-18
Early & Middle,8.99,,,9780147510488,The War That Saved My Life,Kimberly Brubaker Bradley,5,01-24-18
Early & Middle,16.99,,,9780316475112,Little Leaders: Bold Women in Black History,Vashti Harrison,6,01-24-18
Early & Middle,16.95,,,9781616205676,The Girl Who Drank the Moon,Kelly Barnhill,7,01-24-18
Early & Middle,12.99,,,9780525429999,All's Faire in Middle School,Victoria Jamieson,8,01-24-18
Early & Middle,10.99,,,9780545132060,Smile,Raina Telgemeier,9,01-24-18
Early & Middle,10.99,,,9780545540605,Sisters,Raina Telgemeier,10,01-24-18
Early & Middle,21.99,,,9780316514392,Dream Big Dreams: Photographs from Barack Obama's Inspiring and Historic Presidency,Pete Souza,11,01-24-18
Early & Middle,16.99,,,9780525429203,The War I Finally Won,Kimberly Brubaker Bradley,12,01-24-18
Early & Middle,16.99,,,9781250043221,Wishtree,Katherine Applegate,13,01-24-18
Early & Middle,10.99,,,9780545540629,Ghosts,Raina Telgemeier,14,01-24-18
Early & Middle,17.99,,,9780316508889,Nevermoor: The Trials of Morrigan Crow,Jessica Townsend,15,01-24-18
Early & Middle,8.99,,,9781250153272,A Wrinkle in Time,Madeleine L'Engle,1,01-31-18
Early & Middle,16.99,,,9781524720193,Wonder,R.J. Palacio,2,01-31-18
Early & Middle,16.99,,,9781101934852,Auggie & Me,R.J. Palacio,3,01-31-18
Early & Middle,8.99,,,9780147510488,The War That Saved My Life,Kimberly Brubaker Bradley,4,01-31-18
Early & Middle,16.95,,,9781616205676,The Girl Who Drank the Moon,Kelly Barnhill,5,01-31-18
Early & Middle,10.99,,,9780545326995,Drama,Raina Telgemeier,6,01-31-18
Early & Middle,16.99,,,9780316475112,Little Leaders: Bold Women in Black History,Vashti Harrison,7,01-31-18
Early & Middle,10.99,,,9780545132060,Smile,Raina Telgemeier,8,01-31-18
Early & Middle,16.99,,,9781250043221,Wishtree,Katherine Applegate,9,01-31-18
Early & Middle,10.99,,,9780545540629,Ghosts,Raina Telgemeier,10,01-31-18
Early & Middle,21.99,,,9780316514392,Dream Big Dreams: Photographs from Barack Obama's Inspiring and Historic Presidency,Pete Souza,11,01-31-18
Early & Middle,16.99,,,9780525429203,The War I Finally Won,Kimberly Brubaker Bradley,12,01-31-18
Early & Middle,9.99,,,9780399559181,365 Days of Wonder: Mr. Browne's Precepts,R.J. Palacio,13,01-31-18
Early & Middle,17.99,,,9780316508889,Nevermoor: The Trials of Morrigan Crow,Jessica Townsend,14,01-31-18
Early & Middle,12.99,,,9780525429999,All's Faire in Middle School,Victoria Jamieson,15,01-31-18
Trade Paperback Nonfiction,16,128,1,9780762447695,You Are a Badass,Jen Sincero,1,01-03-18
Trade Paperback Nonfiction,16,17,2,9781250076229,Being Mortal,Atul Gawande,2,01-03-18
Trade Paperback Nonfiction,20,5,5,9781101912379,The Silk Roads,Peter Frankopan,3,01-03-18
Trade Paperback Nonfiction,15.99,16,3,9781455540013,The Lost City of the Monkey God,Douglas Preston,4,01-03-18
Trade Paperback Nonfiction,16.95,9,4,9780393354775,The Undoing Project,Michael Lewis,5,01-03-18
Trade Paperback Nonfiction,16,28,9,9781476759739,Invisible Influence,Jonah Berger,6,01-03-18
Trade Paperback Nonfiction,17,11,6,9781476796024,Being a Dog,Alexandra Horowitz,7,01-03-18
Trade Paperback Nonfiction,7.99,42,7,9780804190114,On Tyranny,Timothy Snyder,8,01-03-18
Trade Paperback Nonfiction,18,1,,9781501178511,12 Strong,Doug Stanton,9,01-03-18
Trade Paperback Nonfiction,16,26,8,9781476739236,On Trails,Robert Moor,10,01-03-18
Trade Paperback Nonfiction,20,66,11,9780143034759,Alexander Hamilton,Ron Chernow,12,01-03-18
Trade Paperback Nonfiction,24.95,50,,9781422157992,HBR's 10 Must Reads on Managing Yourself,Harvard Business School Press,13,01-03-18
Trade Paperback Nonfiction,7.95,5,10,9781571987358,The Old Farmer's Almanac 2018,Old Farmer's Almanac,14,01-03-18
Trade Paperback Nonfiction,17,31,12,9780399563126,The Genius of Birds,Jennifer Ackerman,15,01-03-18
Trade Paperback Nonfiction,16,129,1,9780762447695,You Are a Badass,Jen Sincero,1,01-10-18
Trade Paperback Nonfiction,20,6,3,9781101912379,The Silk Roads,Peter Frankopan,2,01-10-18
Trade Paperback Nonfiction,15.99,17,4,9781455540013,The Lost City of the Monkey God,Douglas Preston,3,01-10-18
Trade Paperback Nonfiction,18,2,9,9781501178511,12 Strong,Doug Stanton,4,01-10-18
Trade Paperback Nonfiction,16,29,6,9781476759739,Invisible Influence,Jonah Berger,5,01-10-18
Trade Paperback Nonfiction,16,18,2,9781250076229,Being Mortal,Atul Gawande,6,01-10-18
Trade Paperback Nonfiction,17,12,7,9781476796024,Being a Dog,Alexandra Horowitz,7,01-10-18
Trade Paperback Nonfiction,17,34,,9780553447453,Evicted,Matthew Desmond,8,01-10-18
Trade Paperback Nonfiction,7.99,43,8,9780804190114,On Tyranny,Timothy Snyder,9,01-10-18
Trade Paperback Nonfiction,16.95,10,5,9780393354775,The Undoing Project,Michael Lewis,10,01-10-18
Trade Paperback Nonfiction,24.95,51,13,9781422157992,HBR's 10 Must Reads on Managing Yourself,Harvard Business School Press,12,01-10-18
Trade Paperback Nonfiction,16,27,10,9781476739236,On Trails,Robert Moor,13,01-10-18
Trade Paperback Nonfiction,16.95,2,,9780525562511,Collusion,Luke Harding,14,01-10-18
Trade Paperback Nonfiction,7.95,78,,9781101911761,We Should All Be Feminists,Chimamanda Ngozi Adichie,15,01-10-18
Trade Paperback Nonfiction,16,130,1,9780762447695,You Are a Badass,Jen Sincero,1,01-17-18
Trade Paperback Nonfiction,20,7,2,9781101912379,The Silk Roads,Peter Frankopan,2,01-17-18
Trade Paperback Nonfiction,15.99,18,3,9781455540013,The Lost City of the Monkey God,Douglas Preston,3,01-17-18
Trade Paperback Nonfiction,16,19,6,9781250076229,Being Mortal,Atul Gawande,4,01-17-18
Trade Paperback Nonfiction,18,3,4,9781501178511,12 Strong,Doug Stanton,5,01-17-18
Trade Paperback Nonfiction,16,30,5,9781476759739,Invisible Influence,Jonah Berger,6,01-17-18
Trade Paperback Nonfiction,7.99,44,9,9780804190114,On Tyranny,Timothy Snyder,7,01-17-18
Trade Paperback Nonfiction,17,35,8,9780553447453,Evicted,Matthew Desmond,8,01-17-18
Trade Paperback Nonfiction,17,13,7,9781476796024,Being a Dog,Alexandra Horowitz,10,01-17-18
Trade Paperback Nonfiction,24.95,52,12,9781422157992,HBR's 10 Must Reads on Managing Yourself,Harvard Business School Press,11,01-17-18
Trade Paperback Nonfiction,16.95,11,10,9780393354775,The Undoing Project,Michael Lewis,12,01-17-18
Trade Paperback Nonfiction,15,1,,9780525434191,South and West,Joan Didion,13,01-17-18
Trade Paperback Nonfiction,16,26,,9781451697728,The Soul of an Octopus,Sy Montgomery,14,01-17-18
Trade Paperback Nonfiction,16,28,13,9781476739236,On Trails,Robert Moor,15,01-17-18
Trade Paperback Nonfiction,16,131,1,9780762447695,You Are a Badass,Jen Sincero,1,01-24-18
Trade Paperback Nonfiction,18,4,5,9781501178511,12 Strong,Doug Stanton,2,01-24-18
Trade Paperback Nonfiction,20,8,2,9781101912379,The Silk Roads,Peter Frankopan,3,01-24-18
Trade Paperback Nonfiction,15.99,19,3,9781455540013,The Lost City of the Monkey God,Douglas J. Preston,4,01-24-18
Trade Paperback Nonfiction,16,20,4,9781250076229,Being Mortal,Atul Gawande,5,01-24-18
Trade Paperback Nonfiction,16,31,6,9781476759739,Invisible Influence,Jonah Berger,6,01-24-18
Trade Paperback Nonfiction,17,36,8,9780553447453,Evicted,Matthew Desmond,8,01-24-18
Trade Paperback Nonfiction,7.99,45,7,9780804190114,On Tyranny,Timothy Snyder,9,01-24-18
Trade Paperback Nonfiction,16.95,12,12,9780393354775,The Undoing Project,Michael Lewis,10,01-24-18
Trade Paperback Nonfiction,24.95,53,11,9781422157992,HBR's 10 Must Reads on Managing Yourself,Harvard Business School Press,11,01-24-18
Trade Paperback Nonfiction,17,14,10,9781476796024,Being a Dog,Alexandra Horowitz,12,01-24-18
Trade Paperback Nonfiction,15,2,13,9780525434191,South and West,Joan Didion,13,01-24-18
Trade Paperback Nonfiction,7.95,79,,9781101911761,We Should All Be Feminists,Chimamanda Ngozi Adichie,14,01-24-18
Trade Paperback Nonfiction,16,17,,9781101904183,Rogue Heroes,Ben Macintyre,15,01-24-18
Trade Paperback Nonfiction,16,132,1,9780762447695,You Are a Badass,Jen Sincero,1,01-31-18
Trade Paperback Nonfiction,18,5,2,9781501178511,12 Strong,Doug Stanton,2,01-31-18
Trade Paperback Nonfiction,20,9,3,9781101912379,The Silk Roads,Peter Frankopan,3,01-31-18
Trade Paperback Nonfiction,15.99,20,4,9781455540013,The Lost City of the Monkey God,Douglas J. Preston,4,01-31-18
Trade Paperback Nonfiction,16,21,5,9781250076229,Being Mortal,Atul Gawande,5,01-31-18
Trade Paperback Nonfiction,16,32,6,9781476759739,Invisible Influence,Jonah Berger,6,01-31-18
Trade Paperback Nonfiction,24.95,54,11,9781422157992,HBR's 10 Must Reads on Managing Yourself,Harvard Business School Press,7,01-31-18
Trade Paperback Nonfiction,17,15,12,9781476796024,Being a Dog,Alexandra Horowitz,9,01-31-18
Trade Paperback Nonfiction,16.95,13,10,9780393354775,The Undoing Project,Michael Lewis,10,01-31-18
Trade Paperback Nonfiction,17,37,8,9780553447453,Evicted,Matthew Desmond,11,01-31-18
Trade Paperback Nonfiction,7.99,46,9,9780804190114,On Tyranny,Timothy Snyder,12,01-31-18
Trade Paperback Nonfiction,16,18,15,9781101904183,Rogue Heroes,Ben Macintyre,13,01-31-18
Trade Paperback Nonfiction,16,27,,9781451697728,The Soul of an Octopus,Sy Montgomery,14,01-31-18
Trade Paperback Nonfiction,15,3,13,9780525434191,South and West,Joan Didion,15,01-31-18
Mass Market,9.99,5,1,9780062473363,Dragon Teeth,Michael Crichton,1,01-03-18
Mass Market,9.99,25,2,9781101967683,The Whistler,John Grisham,2,01-03-18
Mass Market,9.99,9,3,9780062693662,Murder on the Orient Express,Agatha Christie,3,01-03-18
Mass Market,9.99,1,,9781478944782,Never Never,James Patterson,4,01-03-18
Mass Market,9.99,24,10,9780451490049,The Husband's Secret,Liane Moriarty,5,01-03-18
Mass Market,8.99,3,8,9781101883907,Dangerous Games,Danielle Steel,6,01-03-18
Mass Market,9.99,9,5,9781524763282,Ready Player One,Ernest Cline,7,01-03-18
Mass Market,9.99,49,6,9780756404741,The Name of the Wind,Patrick Rothfuss,8,01-03-18
Mass Market,8.99,1,,9781478948377,Safe Haven,Nicholas Sparks,9,01-03-18
Mass Market,9.99,1,,9781501179952,12 Strong,Doug Stanton,10,01-03-18
Mass Market,9.99,1,,9780399593598,No Middle Name,Lee Child,1,01-10-18
Mass Market,9.99,26,2,9781101967683,The Whistler,John Grisham,2,01-10-18
Mass Market,9.99,6,1,9780062473363,Dragon Teeth,Michael Crichton,3,01-10-18
Mass Market,9.99,10,3,9780062693662,Murder on the Orient Express,Agatha Christie,4,01-10-18
Mass Market,9.99,2,4,9781478944782,Never Never,James Patterson,5,01-10-18
Mass Market,9.99,25,5,9780451490049,The Husband's Secret,Liane Moriarty,6,01-10-18
Mass Market,9.99,1,,9780451490445,What Alice Forgot,Liane Moriarty,7,01-10-18
Mass Market,9.99,2,10,9781501179952,12 Strong,Doug Stanton,8,01-10-18
Mass Market,8.99,2,9,9781478948377,Safe Haven,Nicholas Sparks,9,01-10-18
Mass Market,8.99,4,6,9781101883907,Dangerous Games,Danielle Steel,10,01-10-18
Mass Market,9.99,2,1,9780399593598,No Middle Name,Lee Child,1,01-17-18
Mass Market,9.99,7,3,9780062473363,Dragon Teeth,Michael Crichton,2,01-17-18
Mass Market,9.99,27,2,9781101967683,The Whistler,John Grisham,3,01-17-18
Mass Market,9.99,3,5,9781478944782,Never Never,James Patterson,4,01-17-18
Mass Market,9.99,3,8,9781501179952,12 Strong,Doug Stanton,5,01-17-18
Mass Market,9.99,26,6,9780451490049,The Husband's Secret,Liane Moriarty,6,01-17-18
Mass Market,9.99,1,,9781250058461,The Lost Order,Steve Berry,7,01-17-18
Mass Market,9.99,2,7,9780451490445,What Alice Forgot,Liane Moriarty,8,01-17-18
Mass Market,9.99,11,4,9780062693662,Murder on the Orient Express,Agatha Christie,9,01-17-18
Mass Market,8.99,3,9,9781478948377,Safe Haven,Nicholas Sparks,10,01-17-18
Mass Market,9.99,3,1,9780399593598,No Middle Name,Lee Child,1,01-24-18
Mass Market,9.99,28,3,9781101967683,The Whistler,John Grisham,2,01-24-18
Mass Market,9.99,8,2,9780062473363,Dragon Teeth,Michael Crichton,3,01-24-18
Mass Market,9.99,4,4,9781478944782,Never Never,James Patterson,4,01-24-18
Mass Market,9.99,4,5,9781501179952,12 Strong,Doug Stanton,5,01-24-18
Mass Market,9.99,2,7,9781250058461,The Lost Order,Steve Berry,6,01-24-18
Mass Market,9.99,12,9,9780062693662,Murder on the Orient Express,Agatha Christie,7,01-24-18
Mass Market,9.99,8,,9781455524204,The Wrong Side of Goodbye,Michael Connelly,8,01-24-18
Mass Market,9.99,27,6,9780451490049,The Husband's Secret,Liane Moriarty,9,01-24-18
Mass Market,9.99,3,8,9780451490445,What Alice Forgot,Liane Moriarty,10,01-24-18
Mass Market,9.99,4,1,9780399593598,No Middle Name,Lee Child,1,01-31-18
Mass Market,9.99,29,2,9781101967683,The Whistler,John Grisham,2,01-31-18
Mass Market,9.99,9,3,9780062473363,Dragon Teeth,Michael Crichton,3,01-31-18
Mass Market,9.99,5,5,9781501179952,12 Strong,Doug Stanton,4,01-31-18
Mass Market,9.99,5,4,9781478944782,Never Never,James Patterson,5,01-31-18
Mass Market,9.99,1,,9780441478125,The Left Hand of Darkness,Ursula K. Le Guin,6,01-31-18
Mass Market,9.99,28,9,9780451490049,The Husband's Secret,Liane Moriarty,7,01-31-18
Mass Market,9.99,3,6,9781250058461,The Lost Order,Steve Berry,8,01-31-18
Mass Market,8.99,1,,9781101883938,Against All Odds,Danielle Steel,9,01-31-18
Mass Market,9.99,4,10,9780451490445,What Alice Forgot,Liane Moriarty,10,01-31-18
Trade Paperback Fiction,17,39,1,9781501173219,All the Light We Cannot See,Anthony Doerr,1,01-03-18
Trade Paperback Fiction,16.99,13,2,9781449486792,The Sun and Her Flowers,Rupi Kaur,2,01-03-18
Trade Paperback Fiction,14.99,69,4,9781449474256,Milk and Honey,Rupi Kaur,3,01-03-18
Trade Paperback Fiction,16,38,6,9781501132957,The Woman in Cabin 10,Ruth Ware,4,01-03-18
Trade Paperback Fiction,16,21,3,9780307887443,Ready Player One,Ernest Cline,5,01-03-18
Trade Paperback Fiction,15.95,36,7,9780525435006,The Handmaid's Tale,Margaret Atwood,6,01-03-18
Trade Paperback Fiction,15.99,7,8,9781455563920,Pachinko,Min Jin Lee,7,01-03-18
Trade Paperback Fiction,17,44,5,9781101883082,Lilac Girls,Martha Hall Kelly,8,01-03-18
Trade Paperback Fiction,16,31,11,9780735221109,The Couple Next Door,Shari Lapena,9,01-03-18
Trade Paperback Fiction,16,112,9,9781476738024,A Man Called Ove,Fredrik Backman,10,01-03-18
Trade Paperback Fiction,16.99,25,,9781250132369,Behind Closed Doors,B.A. Paris,11,01-03-18
Trade Paperback Fiction,16.99,35,14,9780062491831,Commonwealth,Ann Patchett,12,01-03-18
Trade Paperback Fiction,15.99,23,10,9780062409218,News of the World,Paulette Jiles,13,01-03-18
Trade Paperback Fiction,16.99,38,15,9780062414229,The Nest,Cynthia D'Aprix Sweeney,14,01-03-18
Trade Paperback Fiction,16,56,13,9780802124944,The Sympathizer,Viet Thanh Nguyen,15,01-03-18
Trade Paperback Fiction,14.99,70,3,9781449474256,Milk and Honey,Rupi Kaur,1,01-10-18
Trade Paperback Fiction,15.99,8,7,9781455563920,Pachinko,Min Jin Lee,2,01-10-18
Trade Paperback Fiction,16.99,14,2,9781449486792,The Sun and Her Flowers,Rupi Kaur,3,01-10-18
Trade Paperback Fiction,16,39,4,9781501132957,The Woman in Cabin 10,Ruth Ware,4,01-10-18
Trade Paperback Fiction,17,40,1,9781501173219,All the Light We Cannot See,Anthony Doerr,5,01-10-18
Trade Paperback Fiction,15.95,37,6,9780525435006,The Handmaid's Tale,Margaret Atwood,6,01-10-18
Trade Paperback Fiction,17,45,8,9781101883082,Lilac Girls,Martha Hall Kelly,7,01-10-18
Trade Paperback Fiction,16.99,1,,9780062563675,The Women in the Castle,Jessica Shattuck,8,01-10-18
Trade Paperback Fiction,16,22,5,9780307887443,Ready Player One,Ernest Cline,9,01-10-18
Trade Paperback Fiction,16,32,9,9780735221109,The Couple Next Door,Shari Lapena,10,01-10-18
Trade Paperback Fiction,15.99,24,13,9780062409218,News of the World,Paulette Jiles,11,01-10-18
Trade Paperback Fiction,16,1,,9780399563096,We Were the Lucky Ones,Georgia Hunter,12,01-10-18
Trade Paperback Fiction,16,113,10,9781476738024,A Man Called Ove,Fredrik Backman,13,01-10-18
Trade Paperback Fiction,16.99,26,11,9781250132369,Behind Closed Doors,B.A. Paris,14,01-10-18
Trade Paperback Fiction,16.99,36,12,9780062491831,Commonwealth,Ann Patchett,15,01-10-18
Trade Paperback Fiction,15.99,9,2,9781455563920,Pachinko,Min Jin Lee,1,01-17-18
Trade Paperback Fiction,16.99,2,8,9780062563675,The Women in the Castle,Jessica Shattuck,2,01-17-18
Trade Paperback Fiction,15.95,38,6,9780525435006,The Handmaid's Tale,Margaret Atwood,3,01-17-18
Trade Paperback Fiction,17,41,5,9781501173219,All the Light We Cannot See,Anthony Doerr,4,01-17-18
Trade Paperback Fiction,16,40,4,9781501132957,The Woman in Cabin 10,Ruth Ware,5,01-17-18
Trade Paperback Fiction,16.99,15,3,9781449486792,The Sun and Her Flowers,Rupi Kaur,6,01-17-18
Trade Paperback Fiction,14.99,71,1,9781449474256,Milk and Honey,Rupi Kaur,7,01-17-18
Trade Paperback Fiction,16,23,9,9780307887443,Ready Player One,Ernest Cline,8,01-17-18
Trade Paperback Fiction,16,2,12,9780399563096,We Were the Lucky Ones,Georgia Hunter,9,01-17-18
Trade Paperback Fiction,16,33,10,9780735221109,The Couple Next Door,Shari Lapena,10,01-17-18
Trade Paperback Fiction,17,46,7,9781101883082,Lilac Girls,Martha Hall Kelly,11,01-17-18
Trade Paperback Fiction,15.99,25,11,9780062409218,News of the World,Paulette Jiles,12,01-17-18
Trade Paperback Fiction,16,1,,9781101973486,Celine,Peter Heller,13,01-17-18
Trade Paperback Fiction,17,1,,9781250169440,Call Me by Your Name,Andre Aciman,14,01-17-18
Trade Paperback Fiction,16.99,27,14,9781250132369,Behind Closed Doors,B.A. Paris,15,01-17-18
Trade Paperback Fiction,15.99,10,1,9781455563920,Pachinko,Min Jin Lee,1,01-24-18
Trade Paperback Fiction,16.99,3,2,9780062563675,The Women in the Castle,Jessica Shattuck,2,01-24-18
Trade Paperback Fiction,17,42,4,9781501173219,All the Light We Cannot See,Anthony Doerr,3,01-24-18
Trade Paperback Fiction,15.95,39,3,9780525435006,The Handmaid's Tale,Margaret Atwood,4,01-24-18
Trade Paperback Fiction,16,41,5,9781501132957,The Woman in Cabin 10,Ruth Ware,5,01-24-18
Trade Paperback Fiction,16.99,16,6,9781449486792,The Sun and Her Flowers,Rupi Kaur,6,01-24-18
Trade Paperback Fiction,16,24,8,9780307887443,Ready Player One,Ernest Cline,7,01-24-18
Trade Paperback Fiction,17,47,11,9781101883082,Lilac Girls,Martha Hall Kelly,8,01-24-18
Trade Paperback Fiction,14.99,72,7,9781449474256,Milk and Honey,Rupi Kaur,9,01-24-18
Trade Paperback Fiction,16,3,9,9780399563096,We Were the Lucky Ones,Georgia Hunter,10,01-24-18
Trade Paperback Fiction,16,34,10,9780735221109,The Couple Next Door,Shari Lapena,11,01-24-18
Trade Paperback Fiction,16,2,13,9781101973486,Celine,Peter Heller,12,01-24-18
Trade Paperback Fiction,17,2,14,9781250169440,Call Me by Your Name,Andre Aciman,13,01-24-18
Trade Paperback Fiction,16.99,28,15,9781250132369,Behind Closed Doors,B.A. Paris,14,01-24-18
Trade Paperback Fiction,16,1,,9780143132172,The Perfect Nanny,Leeila Slimani,15,01-24-18
Trade Paperback Fiction,15.99,11,1,9781455563920,Pachinko,Min Jin Lee,1,01-31-18
Trade Paperback Fiction,16.99,4,2,9780062563675,The Women in the Castle,Jessica Shattuck,2,01-31-18
Trade Paperback Fiction,17,43,3,9781501173219,All the Light We Cannot See,Anthony Doerr,3,01-31-18
Trade Paperback Fiction,16,4,10,9780399563096,We Were the Lucky Ones,Georgia Hunter,4,01-31-18
Trade Paperback Fiction,16,42,5,9781501132957,The Woman in Cabin 10,Ruth Ware,5,01-31-18
Trade Paperback Fiction,15.95,40,4,9780525435006,The Handmaid's Tale,Margaret Atwood,6,01-31-18
Trade Paperback Fiction,16.99,17,6,9781449486792,The Sun and Her Flowers,Rupi Kaur,7,01-31-18
Trade Paperback Fiction,16,25,7,9780307887443,Ready Player One,Ernest Cline,8,01-31-18
Trade Paperback Fiction,16,2,15,9780143132172,The Perfect Nanny,Leeila Slimani,9,01-31-18
Trade Paperback Fiction,17,48,8,9781101883082,Lilac Girls,Martha Hall Kelly,10,01-31-18
Trade Paperback Fiction,14.99,73,9,9781449474256,Milk and Honey,Rupi Kaur,11,01-31-18
Trade Paperback Fiction,16,35,11,9780735221109,The Couple Next Door,Shari Lapena,12,01-31-18
Trade Paperback Fiction,17,3,13,9781250169440,Call Me by Your Name,Andre Aciman,13,01-31-18
Trade Paperback Fiction,16.99,29,14,9781250132369,Behind Closed Doors,B.A. Paris,14,01-31-18
Trade Paperback Fiction,16,3,12,9781101973486,Celine,Peter Heller,15,01-31-18
Hardcover Fiction,27,7,1,9780553448122,Artemis,Andy Weir,1,01-03-18
Hardcover Fiction,27,7,1,9780553448122,Artemis,7,1,01-03-18
Hardcover Fiction,29.95,13,2,9780385514231,Origin,Dan Brown,2,01-03-18
Hardcover Fiction,29.95,13,2,9780385514231,Origin,13,2,01-03-18
Hardcover Fiction,27,69,4,9780670026197,A Gentleman in Moscow,Amor Towles,3,01-03-18
Hardcover Fiction,27,69,4,9780670026197,A Gentleman in Moscow,69,3,01-03-18
Hardcover Fiction,26,13,7,9781501126062,"Sing, Unburied, Sing",Jesmyn Ward,4,01-03-18
Hardcover Fiction,26,13,7,9781501126062,"Sing, Unburied, Sing",13,4,01-03-18
Hardcover Fiction,27,13,3,9781476716732,Manhattan Beach,Jennifer Egan,5,01-03-18
Hardcover Fiction,27,13,3,9781476716732,Manhattan Beach,13,5,01-03-18
Hardcover Fiction,28.95,10,6,9780385541176,The Rooster Bar,John Grisham,6,01-03-18
Hardcover Fiction,28.95,10,6,9780385541176,The Rooster Bar,10,6,01-03-18
Hardcover Fiction,27,16,8,9780735224292,Little Fires Everywhere,Celeste Ng,7,01-03-18
Hardcover Fiction,27,16,8,9780735224292,Little Fires Everywhere,16,7,01-03-18
Hardcover Fiction,28,35,5,9780812995343,Lincoln in the Bardo,George Saunders,8,01-03-18
Hardcover Fiction,28,35,5,9780812995343,Lincoln in the Bardo,35,8,01-03-18
Hardcover Fiction,26.95,11,9,9781101946152,Uncommon Type,Tom Hanks,9,01-03-18
Hardcover Fiction,26.95,11,9,9781101946152,Uncommon Type,11,9,01-03-18
Hardcover Fiction,28,9,12,9781501178139,In the Midst of Winter,Isabel Allende,10,01-03-18
Hardcover Fiction,28,9,12,9781501178139,In the Midst of Winter,9,10,01-03-18
Hardcover Fiction,28.99,8,10,9780399593482,The Midnight Line,Lee Child,11,01-03-18
Hardcover Fiction,28.99,8,10,9780399593482,The Midnight Line,8,11,01-03-18
Hardcover Fiction,25.95,31,13,9780393609097,Norse Mythology,Neil Gaiman,12,01-03-18
Hardcover Fiction,25.95,31,13,9780393609097,Norse Mythology,31,12,01-03-18
Hardcover Fiction,28,14,15,9780735225114,A Legacy of Spies,John le Carré,13,01-03-18
Hardcover Fiction,28,14,15,9780735225114,A Legacy of Spies,14,13,01-03-18
Hardcover Fiction,30,10,11,9780399563249,Devotions,Mary Oliver,14,01-03-18
Hardcover Fiction,30,10,11,9780399563249,Devotions,10,14,01-03-18
Hardcover Fiction,26,10,,9780735212176,Exit West,Mohsin Hamid,15,01-03-18
Hardcover Fiction,26,10,,9780735212176,Exit West,10,15,01-03-18
Hardcover Fiction,26,14,4,9781501126062,"Sing, Unburied, Sing",Jesmyn Ward,1,01-10-18
Hardcover Fiction,26,14,4,9781501126062,"Sing, Unburied, Sing",14,1,01-10-18
Hardcover Fiction,27,70,3,9780670026197,A Gentleman in Moscow,Amor Towles,2,01-10-18
Hardcover Fiction,27,70,3,9780670026197,A Gentleman in Moscow,70,2,01-10-18
Hardcover Fiction,29.95,14,2,9780385514231,Origin,Dan Brown,3,01-10-18
Hardcover Fiction,29.95,14,2,9780385514231,Origin,14,3,01-10-18
Hardcover Fiction,27,17,7,9780735224292,Little Fires Everywhere,Celeste Ng,4,01-10-18
Hardcover Fiction,27,17,7,9780735224292,Little Fires Everywhere,17,4,01-10-18
Hardcover Fiction,27,14,5,9781476716732,Manhattan Beach,Jennifer Egan,5,01-10-18
Hardcover Fiction,27,14,5,9781476716732,Manhattan Beach,14,5,01-10-18
Hardcover Fiction,27,8,1,9780553448122,Artemis,Andy Weir,6,01-10-18
Hardcover Fiction,27,8,1,9780553448122,Artemis,8,6,01-10-18
Hardcover Fiction,26.99,1,,9780062678416,The Woman in the Window,A.J. Finn,7,01-10-18
Hardcover Fiction,26.99,1,,9780062678416,The Woman in the Window,1,7,01-10-18
Hardcover Fiction,28,36,8,9780812995343,Lincoln in the Bardo,George Saunders,8,01-10-18
Hardcover Fiction,28,36,8,9780812995343,Lincoln in the Bardo,36,8,01-10-18
Hardcover Fiction,28.95,11,6,9780385541176,The Rooster Bar,John Grisham,9,01-10-18
Hardcover Fiction,28.95,11,6,9780385541176,The Rooster Bar,11,9,01-10-18
Hardcover Fiction,26,1,,9780316547611,The Power,Naomi Alderman,10,01-10-18
Hardcover Fiction,26,1,,9780316547611,The Power,1,10,01-10-18
Hardcover Fiction,26,11,15,9780735212176,Exit West,Mohsin Hamid,11,01-10-18
Hardcover Fiction,26,11,15,9780735212176,Exit West,11,11,01-10-18
Hardcover Fiction,28,10,10,9781501178139,In the Midst of Winter,Isabel Allende,12,01-10-18
Hardcover Fiction,28,10,10,9781501178139,In the Midst of Winter,10,12,01-10-18
Hardcover Fiction,26.95,12,9,9781101946152,Uncommon Type,Tom Hanks,13,01-10-18
Hardcover Fiction,26.95,12,9,9781101946152,Uncommon Type,12,13,01-10-18
Hardcover Fiction,28.99,9,11,9780399593482,The Midnight Line,Lee Child,14,01-10-18
Hardcover Fiction,28.99,9,11,9780399593482,The Midnight Line,9,14,01-10-18
Hardcover Fiction,27.99,1,,9781501176845,Robicheaux,James Lee Burke,15,01-10-18
Hardcover Fiction,27.99,1,,9781501176845,Robicheaux,1,15,01-10-18
Hardcover Fiction,26,15,1,9781501126062,"Sing, Unburied, Sing",Jesmyn Ward,1,01-17-18
Hardcover Fiction,26,15,1,9781501126062,"Sing, Unburied, Sing",15,1,01-17-18
Hardcover Fiction,26,1,,9780735213180,The Immortalists,Chloe Benjamin,2,01-17-18
Hardcover Fiction,26,1,,9780735213180,The Immortalists,1,2,01-17-18
Hardcover Fiction,26.99,2,7,9780062678416,The Woman in the Window,A.J. Finn,3,01-17-18
Hardcover Fiction,26.99,2,7,9780062678416,The Woman in the Window,2,3,01-17-18
Hardcover Fiction,27,18,4,9780735224292,Little Fires Everywhere,Celeste Ng,4,01-17-18
Hardcover Fiction,27,18,4,9780735224292,Little Fires Everywhere,18,4,01-17-18
Hardcover Fiction,27,71,2,9780670026197,A Gentleman in Moscow,Amor Towles,5,01-17-18
Hardcover Fiction,27,71,2,9780670026197,A Gentleman in Moscow,71,5,01-17-18
Hardcover Fiction,29.95,15,3,9780385514231,Origin,Dan Brown,6,01-17-18
Hardcover Fiction,29.95,15,3,9780385514231,Origin,15,6,01-17-18
Hardcover Fiction,27,9,6,9780553448122,Artemis,Andy Weir,7,01-17-18
Hardcover Fiction,27,9,6,9780553448122,Artemis,9,7,01-17-18
Hardcover Fiction,27,15,5,9781476716732,Manhattan Beach,Jennifer Egan,8,01-17-18
Hardcover Fiction,27,15,5,9781476716732,Manhattan Beach,15,8,01-17-18
Hardcover Fiction,28,37,8,9780812995343,Lincoln in the Bardo,George Saunders,9,01-17-18
Hardcover Fiction,28,37,8,9780812995343,Lincoln in the Bardo,37,9,01-17-18
Hardcover Fiction,26,2,10,9780316547611,The Power,Naomi Alderman,10,01-17-18
Hardcover Fiction,26,2,10,9780316547611,The Power,2,10,01-17-18
Hardcover Fiction,28.95,12,9,9780385541176,The Rooster Bar,John Grisham,11,01-17-18
Hardcover Fiction,28.95,12,9,9780385541176,The Rooster Bar,12,11,01-17-18
Hardcover Fiction,26.99,1,,9781250130921,The Wife Between Us,Greer Hendricks,12,01-17-18
Hardcover Fiction,26.99,1,,9781250130921,The Wife Between Us,1,12,01-17-18
Hardcover Fiction,28.99,10,14,9780399593482,The Midnight Line,Lee Child,13,01-17-18
Hardcover Fiction,28.99,10,14,9780399593482,The Midnight Line,10,13,01-17-18
Hardcover Fiction,26.95,13,13,9781101946152,Uncommon Type,Tom Hanks,14,01-17-18
Hardcover Fiction,26.95,13,13,9781101946152,Uncommon Type,13,14,01-17-18
Hardcover Fiction,26,12,11,9780735212176,Exit West,Mohsin Hamid,15,01-17-18
Hardcover Fiction,26,12,11,9780735212176,Exit West,12,15,01-17-18
Hardcover Fiction,26.99,3,3,9780062678416,The Woman in the Window,A.J. Finn,1,01-24-18
Hardcover Fiction,26.99,3,3,9780062678416,The Woman in the Window,3,1,01-24-18
Hardcover Fiction,26,2,2,9780735213180,The Immortalists,Chloe Benjamin,2,01-24-18
Hardcover Fiction,26,2,2,9780735213180,The Immortalists,2,2,01-24-18
Hardcover Fiction,26,16,1,9781501126062,"Sing, Unburied, Sing",Jesmyn Ward,3,01-24-18
Hardcover Fiction,26,16,1,9781501126062,"Sing, Unburied, Sing",16,3,01-24-18
Hardcover Fiction,27,19,4,9780735224292,Little Fires Everywhere,Celeste Ng,4,01-24-18
Hardcover Fiction,27,19,4,9780735224292,Little Fires Everywhere,19,4,01-24-18
Hardcover Fiction,27,72,5,9780670026197,A Gentleman in Moscow,Amor Towles,5,01-24-18
Hardcover Fiction,27,72,5,9780670026197,A Gentleman in Moscow,72,5,01-24-18
Hardcover Fiction,29.95,16,6,9780385514231,Origin,Dan Brown,6,01-24-18
Hardcover Fiction,29.95,16,6,9780385514231,Origin,16,6,01-24-18
Hardcover Fiction,27,10,7,9780553448122,Artemis,Andy Weir,7,01-24-18
Hardcover Fiction,27,10,7,9780553448122,Artemis,10,7,01-24-18
Hardcover Fiction,27,16,8,9781476716732,Manhattan Beach,Jennifer Egan,8,01-24-18
Hardcover Fiction,27,16,8,9781476716732,Manhattan Beach,16,8,01-24-18
Hardcover Fiction,26.99,2,12,9781250130921,The Wife Between Us,Greer Hendricks,9,01-24-18
Hardcover Fiction,26.99,2,12,9781250130921,The Wife Between Us,2,9,01-24-18
Hardcover Fiction,28.95,13,11,9780385541176,The Rooster Bar,John Grisham,10,01-24-18
Hardcover Fiction,28.95,13,11,9780385541176,The Rooster Bar,13,10,01-24-18
Hardcover Fiction,26,3,10,9780316547611,The Power,Naomi Alderman,11,01-24-18
Hardcover Fiction,26,3,10,9780316547611,The Power,3,11,01-24-18
Hardcover Fiction,27,1,,9780812988635,The Largesse of the Sea Maiden,Denis Johnson,12,01-24-18
Hardcover Fiction,27,1,,9780812988635,The Largesse of the Sea Maiden,1,12,01-24-18
Hardcover Fiction,28,38,9,9780812995343,Lincoln in the Bardo,George Saunders,13,01-24-18
Hardcover Fiction,28,38,9,9780812995343,Lincoln in the Bardo,38,13,01-24-18
Hardcover Fiction,28.99,11,13,9780399593482,The Midnight Line,Lee Child,14,01-24-18
Hardcover Fiction,28.99,11,13,9780399593482,The Midnight Line,11,14,01-24-18
Hardcover Fiction,26,13,15,9780735212176,Exit West,Mohsin Hamid,15,01-24-18
Hardcover Fiction,26,13,15,9780735212176,Exit West,13,15,01-24-18
Hardcover Fiction,26,3,2,9780735213180,The Immortalists,Chloe Benjamin,1,01-31-18
Hardcover Fiction,26,3,2,9780735213180,The Immortalists,3,1,01-31-18
Hardcover Fiction,26.99,4,1,9780062678416,The Woman in the Window,A.J. Finn,2,01-31-18
Hardcover Fiction,26.99,4,1,9780062678416,The Woman in the Window,4,2,01-31-18
Hardcover Fiction,27,73,5,9780670026197,A Gentleman in Moscow,Amor Towles,3,01-31-18
Hardcover Fiction,27,73,5,9780670026197,A Gentleman in Moscow,73,3,01-31-18
Hardcover Fiction,27,20,4,9780735224292,Little Fires Everywhere,Celeste Ng,4,01-31-18
Hardcover Fiction,27,20,4,9780735224292,Little Fires Everywhere,20,4,01-31-18
Hardcover Fiction,26,17,3,9781501126062,"Sing, Unburied, Sing",Jesmyn Ward,5,01-31-18
Hardcover Fiction,26,17,3,9781501126062,"Sing, Unburied, Sing",17,5,01-31-18
Hardcover Fiction,29.95,17,6,9780385514231,Origin,Dan Brown,6,01-31-18
Hardcover Fiction,29.95,17,6,9780385514231,Origin,17,6,01-31-18
Hardcover Fiction,27,11,7,9780553448122,Artemis,Andy Weir,7,01-31-18
Hardcover Fiction,27,11,7,9780553448122,Artemis,11,7,01-31-18
Hardcover Fiction,27,17,8,9781476716732,Manhattan Beach,Jennifer Egan,8,01-31-18
Hardcover Fiction,27,17,8,9781476716732,Manhattan Beach,17,8,01-31-18
Hardcover Fiction,26,4,11,9780316547611,The Power,Naomi Alderman,9,01-31-18
Hardcover Fiction,26,4,11,9780316547611,The Power,4,9,01-31-18
Hardcover Fiction,26.99,3,9,9781250130921,The Wife Between Us,Greer Hendricks,10,01-31-18
Hardcover Fiction,26.99,3,9,9781250130921,The Wife Between Us,3,10,01-31-18
Hardcover Fiction,28.95,14,10,9780385541176,The Rooster Bar,John Grisham,11,01-31-18
Hardcover Fiction,28.95,14,10,9780385541176,The Rooster Bar,14,11,01-31-18
Hardcover Fiction,27,2,12,9780812988635,The Largesse of the Sea Maiden,Denis Johnson,12,01-31-18
Hardcover Fiction,27,2,12,9780812988635,The Largesse of the Sea Maiden,2,12,01-31-18
Hardcover Fiction,28,39,13,9780812995343,Lincoln in the Bardo,George Saunders,13,01-31-18
Hardcover Fiction,28,39,13,9780812995343,Lincoln in the Bardo,39,13,01-31-18
Hardcover Fiction,30,11,,9780399563249,Devotions,Mary Oliver,14,01-31-18
Hardcover Fiction,30,11,,9780399563249,Devotions,11,14,01-31-18
Hardcover Fiction,28,15,,9780735225114,A Legacy of Spies,John le Carré,15,01-31-18
Hardcover Fiction,28,15,,9780735225114,A Legacy of Spies,15,15,01-31-18
Hardcover Nonfiction,35,11,1,9781501139154,Leonardo da Vinci,Walter Isaacson,1,01-03-18
Hardcover Nonfiction,18.95,35,2,9780393609394,Astrophysics for People in a Hurry,Neil deGrasse Tyson,2,01-03-18
Hardcover Nonfiction,24.99,39,6,9780062457714,The Subtle Art of Not Giving A F*ck,Mark Manson,3,01-03-18
Hardcover Nonfiction,40,12,3,9781594204876,Grant,Ron Chernow,4,01-03-18
Hardcover Nonfiction,15.95,3,7,9781631494758,Women & Power,Mary Beard,5,01-03-18
Hardcover Nonfiction,27,7,4,9781250171672,"Promise Me, Dad",Joe Biden,6,01-03-18
Hardcover Nonfiction,28,13,8,9780399590566,We Were Eight Years in Power,Ta-Nehisi Coates,7,01-03-18
Hardcover Nonfiction,30,6,,9781501124020,Principles,Ray Dalio,8,01-03-18
Hardcover Nonfiction,26,1,,9781501181825,The Last Black Unicorn,Tiffany Haddish,9,01-03-18
Hardcover Nonfiction,27.99,70,14,9780062300546,Hillbilly Elegy,J.D. Vance,10,01-03-18
Hardcover Nonfiction,28.95,26,11,9780385534246,Killers of the Flower Moon,David Grann,11,01-03-18
Hardcover Nonfiction,24.95,60,10,9781771642484,The Hidden Life of Trees,Peter Wohlleben,12,01-03-18
Hardcover Nonfiction,24.95,7,12,9781771643016,The Inner Life of Animals,Peter Wohlleben,13,01-03-18
Hardcover Nonfiction,28,9,9,9781501111860,Bobby Kennedy: A Raging Spirit,Chris Matthews,14,01-03-18
Hardcover Nonfiction,30,15,13,9781501175565,What Happened,Hillary Rodham Clinton,15,01-03-18
Hardcover Nonfiction,30,1,,9781250158062,Fire and Fury,Michael Wolff,1,01-10-18
Hardcover Nonfiction,18.95,36,2,9780393609394,Astrophysics for People in a Hurry,Neil deGrasse Tyson,2,01-10-18
Hardcover Nonfiction,24.99,40,3,9780062457714,The Subtle Art of Not Giving A F*ck,Mark Manson,3,01-10-18
Hardcover Nonfiction,35,12,1,9781501139154,Leonardo da Vinci,Walter Isaacson,4,01-10-18
Hardcover Nonfiction,15.95,4,5,9781631494758,Women & Power,Mary Beard,5,01-10-18
Hardcover Nonfiction,26,2,9,9781501181825,The Last Black Unicorn,Tiffany Haddish,6,01-10-18
Hardcover Nonfiction,40,13,4,9781594204876,Grant,Ron Chernow,7,01-10-18
Hardcover Nonfiction,30,7,8,9781501124020,Principles,Ray Dalio,8,01-10-18
Hardcover Nonfiction,27,8,6,9781250171672,"Promise Me, Dad",Joe Biden,9,01-10-18
Hardcover Nonfiction,27.99,71,10,9780062300546,Hillbilly Elegy,J.D. Vance,10,01-10-18
Hardcover Nonfiction,28.95,27,11,9780385534246,Killers of the Flower Moon,David Grann,11,01-10-18
Hardcover Nonfiction,28,14,7,9780399590566,We Were Eight Years in Power,Ta-Nehisi Coates,12,01-10-18
Hardcover Nonfiction,26,42,,9780399185045,The Book of Joy,The Dalai Lama,13,01-10-18
Hardcover Nonfiction,18.99,1,,9781501173240,The Gentle Art of Swedish Death Cleaning,Margareta Magnusson,14,01-10-18
Hardcover Nonfiction,24.95,61,12,9781771642484,The Hidden Life of Trees,Peter Wohlleben,15,01-10-18
Hardcover Nonfiction,30,2,1,9781250158062,Fire and Fury,Michael Wolff,1,01-17-18
Hardcover Nonfiction,18.95,37,2,9780393609394,Astrophysics for People in a Hurry,Neil deGrasse Tyson,2,01-17-18
Hardcover Nonfiction,24.99,41,3,9780062457714,The Subtle Art of Not Giving A F*ck,Mark Manson,3,01-17-18
Hardcover Nonfiction,35,13,4,9781501139154,Leonardo da Vinci,Walter Isaacson,4,01-17-18
Hardcover Nonfiction,26,3,6,9781501181825,The Last Black Unicorn,Tiffany Haddish,5,01-17-18
Hardcover Nonfiction,15.95,5,5,9781631494758,Women & Power,Mary Beard,6,01-17-18
Hardcover Nonfiction,40,14,7,9781594204876,Grant,Ron Chernow,7,01-17-18
Hardcover Nonfiction,27,9,9,9781250171672,"Promise Me, Dad",Joe Biden,8,01-17-18
Hardcover Nonfiction,30,8,8,9781501124020,Principles,Ray Dalio,9,01-17-18
Hardcover Nonfiction,27.99,72,10,9780062300546,Hillbilly Elegy,J.D. Vance,10,01-17-18
Hardcover Nonfiction,26,43,13,9780399185045,The Book of Joy,The Dalai Lama,11,01-17-18
Hardcover Nonfiction,28,9,,9780812995848,Braving the Wilderness,Brene Brown,12,01-17-18
Hardcover Nonfiction,28,1,,9780735210622,When,Daniel H. Pink,13,01-17-18
Hardcover Nonfiction,28.95,28,11,9780385534246,Killers of the Flower Moon,David Grann,14,01-17-18
Hardcover Nonfiction,28,15,12,9780399590566,We Were Eight Years in Power,Ta-Nehisi Coates,15,01-17-18
Hardcover Nonfiction,30,3,1,9781250158062,Fire and Fury,Michael Wolff,1,01-24-18
Hardcover Nonfiction,18.95,38,2,9780393609394,Astrophysics for People in a Hurry,Neil deGrasse Tyson,2,01-24-18
Hardcover Nonfiction,24.99,42,3,9780062457714,The Subtle Art of Not Giving A F*ck,Mark Manson,3,01-24-18
Hardcover Nonfiction,35,14,4,9781501139154,Leonardo da Vinci,Walter Isaacson,4,01-24-18
Hardcover Nonfiction,26,4,5,9781501181825,The Last Black Unicorn,Tiffany Haddish,5,01-24-18
Hardcover Nonfiction,30,9,9,9781501124020,Principles,Ray Dalio,6,01-24-18
Hardcover Nonfiction,15.95,6,6,9781631494758,Women & Power,Mary Beard,7,01-24-18
Hardcover Nonfiction,28,2,13,9780735210622,When,Daniel H. Pink,8,01-24-18
Hardcover Nonfiction,28,1,,9781501174162,It's Even Worse Than You Think: What the Trump Administration Is Doing to America,David Cay Johnston,9,01-24-18
Hardcover Nonfiction,27.99,73,10,9780062300546,Hillbilly Elegy,J.D. Vance,10,01-24-18
Hardcover Nonfiction,27,10,8,9781250171672,"Promise Me, Dad",Joe Biden,11,01-24-18
Hardcover Nonfiction,26,44,11,9780399185045,The Book of Joy,The Dalai Lama,12,01-24-18
Hardcover Nonfiction,28,10,12,9780812995848,Braving the Wilderness,Brene Brown,13,01-24-18
Hardcover Nonfiction,28.95,29,14,9780385534246,Killers of the Flower Moon,David Grann,14,01-24-18
Hardcover Nonfiction,40,15,7,9781594204876,Grant,Ron Chernow,15,01-24-18
Hardcover Nonfiction,30,4,1,9781250158062,Fire and Fury,Michael Wolff,1,01-31-18
Hardcover Nonfiction,18.95,39,2,9780393609394,Astrophysics for People in a Hurry,Neil deGrasse Tyson,2,01-31-18
Hardcover Nonfiction,24.99,43,3,9780062457714,The Subtle Art of Not Giving A F*ck,Mark Manson,3,01-31-18
Hardcover Nonfiction,35,15,4,9781501139154,Leonardo da Vinci,Walter Isaacson,4,01-31-18
Hardcover Nonfiction,26,5,5,9781501181825,The Last Black Unicorn,Tiffany Haddish,5,01-31-18
Hardcover Nonfiction,27.99,74,10,9780062300546,Hillbilly Elegy,J.D. Vance,6,01-31-18
Hardcover Nonfiction,26,1,,9781524762933,How Democracies Die,Steven Levitsky,7,01-31-18
Hardcover Nonfiction,26,45,12,9780399185045,The Book of Joy,The Dalai Lama,8,01-31-18
Hardcover Nonfiction,30,10,6,9781501124020,Principles,Ray Dalio,9,01-31-18
Hardcover Nonfiction,28,3,8,9780735210622,When,Daniel H. Pink,10,01-31-18
Hardcover Nonfiction,18.99,2,,9781501173240,The Gentle Art of Swedish Death Cleaning,Margareta Magnusson,11,01-31-18
Hardcover Nonfiction,15.95,7,7,9781631494758,Women & Power,Mary Beard,12,01-31-18
Hardcover Nonfiction,40,16,15,9781594204876,Grant,Ron Chernow,13,01-31-18
Hardcover Nonfiction,27,11,11,9781250171672,"Promise Me, Dad",Joe Biden,14,01-31-18
Hardcover Nonfiction,28.95,30,14,9780385534246,Killers of the Flower Moon,David Grann,15,01-31-18
Young Adult,19.99,,,9780525555360,Turtles All the Way Down,John Green,1,01-03-18
Young Adult,17.99,,,9780062498533,The Hate U Give,Angie Thomas,2,01-03-18
Young Adult,22.99,,,9780375815300,The Book of Dust: La Belle Sauvage,Philip Pullman,3,01-03-18
Young Adult,19.99,,,9781250044662,Renegades,Marissa Meyer,4,01-03-18
Young Adult,10.99,,,9781524769604,"Everything, Everything",Nicola Yoon,5,01-03-18
Young Adult,17.99,,,9780062330628,Far From the Tree,Robin Benway,6,01-03-18
Young Adult,18.99,,,9780399547966,Warcross,Marie Lu,7,01-03-18
Young Adult,18.99,,,9780553496680,The Sun Is Also a Star,Nicola Yoon,8,01-03-18
Young Adult,12.99,,,9780142424179,The Fault in Our Stars,John Green,9,01-03-18
Young Adult,10.99,,,9780142423622,Salt to the Sea,Ruta Sepetys,10,01-03-18
Young Adult,11.99,,,9781442472433,Scythe,Neal Shusterman,11,01-03-18
Young Adult,12.99,,,9780385754729,The Book Thief,Markus Zusak,12,01-03-18
Young Adult,12.99,,,9780062348647,Carve the Mark,Veronica Roth,13,01-03-18
Young Adult,17.99,,,9781524714680,One of Us Is Lying,Karen M. McManus,14,01-03-18
Young Adult,19.99,,,9780525428022,Looking for Alaska,John Green,15,01-03-18
Young Adult,19.99,,,9780525555360,Turtles All the Way Down,John Green,1,01-10-18
Young Adult,17.99,,,9780062498533,The Hate U Give,Angie Thomas,2,01-10-18
Young Adult,22.99,,,9780375815300,The Book of Dust: La Belle Sauvage,Philip Pullman,3,01-10-18
Young Adult,18.99,,,9780316310277,The Cruel Prince,Holly Black,4,01-10-18
Young Adult,19.99,,,9781250044662,Renegades,Marissa Meyer,5,01-10-18
Young Adult,10.99,,,9781524769604,"Everything, Everything",Nicola Yoon,6,01-10-18
Young Adult,18.99,,,9780399547966,Warcross,Marie Lu,7,01-10-18
Young Adult,11.99,,,9781442472433,Scythe,Neal Shusterman,8,01-10-18
Young Adult,12.99,,,9780142424179,The Fault in Our Stars,John Green,9,01-10-18
Young Adult,12.99,,,9780385754729,The Book Thief,Markus Zusak,10,01-10-18
Young Adult,12.99,,,9780062348647,Carve the Mark,Veronica Roth,11,01-10-18
Young Adult,19.99,,,9780525428022,Looking for Alaska,John Green,12,01-10-18
Young Adult,17.99,,,9780062330628,Far From the Tree,Robin Benway,13,01-10-18
Young Adult,17.99,,,9781524714680,One of Us Is Lying,Karen M. McManus,14,01-10-18
Young Adult,17.99,,,9781101939499,Dear Martin,Nic Stone,15,01-10-18
Young Adult,19.99,,,9780525555360,Turtles All the Way Down,John Green,1,01-17-18
Young Adult,17.99,,,9780062498533,The Hate U Give,Angie Thomas,2,01-17-18
Young Adult,22.99,,,9780375815300,The Book of Dust: La Belle Sauvage,Philip Pullman,3,01-17-18
Young Adult,18.99,,,9780316310277,The Cruel Prince,Holly Black,4,01-17-18
Young Adult,10.99,,,9781524769604,"Everything, Everything",Nicola Yoon,5,01-17-18
Young Adult,19.99,,,9781250044662,Renegades,Marissa Meyer,6,01-17-18
Young Adult,19.99,,,9780525428022,Looking for Alaska,John Green,7,01-17-18
Young Adult,12.99,,,9780385754729,The Book Thief,Markus Zusak,8,01-17-18
Young Adult,15.99,,,9780316013697,The Absolutely True Diary of a Part-Time Indian,Sherman Alexie,9,01-17-18
Young Adult,17.99,,,9781524714680,One of Us Is Lying,Karen M. McManus,10,01-17-18
Young Adult,18.99,,,9780399547966,Warcross,Marie Lu,11,01-17-18
Young Adult,10.99,,,9780142423622,Salt to the Sea,Ruta Sepetys,12,01-17-18
Young Adult,12.99,,,9780142424179,The Fault in Our Stars,John Green,13,01-17-18
Young Adult,9.99,,,9780544340688,The Giver,Lois Lowry,14,01-17-18
Young Adult,17.99,,,9780062330628,Far From the Tree,Robin Benway,15,01-17-18
Young Adult,19.99,,,9780525555360,Turtles All the Way Down,John Green,1,01-24-18
Young Adult,17.99,,,9780062498533,The Hate U Give,Angie Thomas,2,01-24-18
Young Adult,22.99,,,9780375815300,The Book of Dust: La Belle Sauvage,Philip Pullman,3,01-24-18
Young Adult,18.99,,,9780316310277,The Cruel Prince,Holly Black,4,01-24-18
Young Adult,10.99,,,9781524769604,"Everything, Everything",Nicola Yoon,5,01-24-18
Young Adult,12.99,,,9780142424179,The Fault in Our Stars,John Green,6,01-24-18
Young Adult,19.99,,,9781250044662,Renegades,Marissa Meyer,7,01-24-18
Young Adult,12.99,,,9780385754729,The Book Thief,Markus Zusak,8,01-24-18
Young Adult,9.99,,,9780544340688,The Giver,Lois Lowry,9,01-24-18
Young Adult,12.99,,,9780062348647,Carve the Mark,Veronica Roth,10,01-24-18
Young Adult,17.99,,,9780062330628,Far From the Tree,Robin Benway,11,01-24-18
Young Adult,18.99,,,9780399547966,Warcross,Marie Lu,12,01-24-18
Young Adult,10.99,,,9780142423622,Salt to the Sea,Ruta Sepetys,13,01-24-18
Young Adult,19.99,,,9780525428022,Looking for Alaska,John Green,14,01-24-18
Young Adult,17.99,,,9781524714680,One of Us Is Lying,Karen M. McManus,15,01-24-18
Young Adult,19.99,,,9780525555360,Turtles All the Way Down,John Green,1,01-31-18
Young Adult,17.99,,,9780062498533,The Hate U Give,Angie Thomas,2,01-31-18
Young Adult,22.99,,,9780375815300,The Book of Dust: La Belle Sauvage,Philip Pullman,3,01-31-18
Young Adult,18.99,,,9780316310277,The Cruel Prince,Holly Black,4,01-31-18
Young Adult,10.99,,,9781524769604,"Everything, Everything",Nicola Yoon,5,01-31-18
Young Adult,12.99,,,9780385754729,The Book Thief,Markus Zusak,6,01-31-18
Young Adult,19.99,,,9781250044662,Renegades,Marissa Meyer,7,01-31-18
Young Adult,15.99,,,9780316013697,The Absolutely True Diary of a Part-Time Indian,Sherman Alexie,8,01-31-18
Young Adult,12.99,,,9780142424179,The Fault in Our Stars,John Green,9,01-31-18
Young Adult,18.99,,,9780399547966,Warcross,Marie Lu,10,01-31-18
Young Adult,9.99,,,9780544340688,The Giver,Lois Lowry,11,01-31-18
Young Adult,10.99,,,9780142423622,Salt to the Sea,Ruta Sepetys,12,01-31-18
Young Adult,9.99,,,9780307931894,Every Day,David Levithan,13,01-31-18
Young Adult,17.99,,,9781524714680,One of Us Is Lying,Karen M. McManus,14,01-31-18
Young Adult,18.99,,,9780553496680,The Sun Is Also a Star,Nicola Yoon,15,01-31-18
